chr1	breakpoint1	chr2	breakpoint2	clip_side1	clip_side2	sv_type	mh_seq	ins_seq	read_count	frag_count	mapq1_mean	match1_mean	mapq2_mean	match2_mean	mh_length	ins_length	aliquot	sample
chr2	1153049	chr2	1153025	left	right	DEL		GTGGAGGAGAAAGACCCAACGACG	1	1	60.0	61.0	59.0	35.0	0	24	NA02_C	NA02
chr2	1153051	chr2	1153035	left	right	DEL	GCGGCTCGTGCGCTG		1	1	60.0	54.0	50.0	46.0	15	0	NA02_C	NA02
chr2	1153052	chr10	50507618	right	right	TRA	TTCCCGCTGGGCCG		1	1	60.0	64.0	60.0	100.0	14	0	NA02_C	NA02
chr2	1153052	chr22	20935052	right	left	TRA	TGCACCCCAGCACCG		2	2	60.0	63.5	60.0	101.5	15	0	NA02_C	NA02
chr2	1153052	chr22	20935056	right	left	TRA	CCCCAGCACCG		1	1	60.0	64.0	60.0	97.0	11	0	NA02_C	NA02
chr2	1153053	chr1	231664322	right	right	TRA	CCCGCCACCGC		2	1	60.0	63.0	60.0	39.0	11	0	NA02_C	NA02
chr2	1153053	chr10	104926596	right	left	TRA			1	1	60.0	64.0	60.0	86.0	0	0	NA02_C	NA02
chr2	1153053	chr14	89089008	right	left	TRA	CGGCACCGC		3	2	60.0	58.666666666666664	60.0	100.33333333333333	9	0	NA02_C	NA02
chr2	1153053	chr2	33141570	right	right	INV		TGCTCTTTCCCCTTCCT	1	1	60.0	58.0	10.0	55.0	0	17	NA02_C	NA02
chr2	1153053	chr2	33141579	right	right	INV		CGCTCCTT	1	1	60.0	61.0	6.0	61.0	0	8	NA02_C	NA02
chr2	1153053	chr2	97117941	right	right	INV	CTGTCGTG		1	1	60.0	65.0	60.0	93.0	8	0	NA02_C	NA02
chr2	1153053	chr21	45852935	right	right	TRA	CACCGC		2	1	60.0	63.0	60.0	39.0	6	0	NA02_C	NA02
chr2	1153053	chr4	113702228	right	left	TRA	CACCGC		2	1	60.0	64.0	60.0	47.0	6	0	NA02_C	NA02
chr2	1153053	chr9	111861371	right	left	TRA	GGCACCGC		8	4	60.0	63.25	60.0	54.0	8	0	NA02_C	NA02
chr2	1153054	chr1	202690621	right	left	TRA	CACCGCG		1	1	60.0	66.0	60.0	91.0	7	0	NA02_C	NA02
chr2	1153054	chr14	32726501	right	left	TRA	CACCGCG		2	1	60.0	65.0	60.0	42.0	7	0	NA02_C	NA02
chr2	1153054	chr14	36094128	right	right	TRA	CACCGCG		2	1	60.0	68.0	54.0	30.0	7	0	NA02_C	NA02
chr2	1153054	chr16	1636057	right	left	TRA	CACCGCG		2	1	60.0	65.0	60.0	34.0	7	0	NA02_C	NA02
chr2	1153054	chr16	6532775	right	right	TRA	ACCCCAGCACCGCG		6	3	60.0	64.33333333333333	60.0	51.0	14	0	NA02_C	NA02
chr2	1153054	chr3	104716175	right	right	TRA	CACCGCG		5	3	60.0	64.2	60.0	44.0	7	0	NA02_C	NA02
chr2	1153054	chr3	193898084	right	right	TRA	GCCACCGCG		2	1	60.0	65.0	60.0	39.0	9	0	NA02_C	NA02
chr2	1153054	chr5	173855339	right	left	TRA	CACCGCG		9	5	60.0	64.44444444444444	60.0	53.0	7	0	NA02_C	NA02
chr2	1153055	chr10	99050512	right	left	TRA	CACCGCGG		6	3	58.166666666666664	61.833333333333336	58.166666666666664	96.16666666666667	8	0	NA02_C	NA02
