chr1	breakpoint1	chr2	breakpoint2	clip_side1	clip_side2	sv_type	mh_seq	ins_seq	read_count	frag_count	mapq1_mean	match1_mean	mapq2_mean	match2_mean	mh_length	ins_length	aliquot	sample
chr2	1153051	chr2	1153019	left	right	DEL		CGTGGAGTGGGCGAGGAATGAGTGTTGGCAGA	1	1	60.0	61.0	60.0	31.0	0	32	NA04_A	NA04
chr2	1153052	chr1	151148500	right	right	TRA	CCCCGGCACCG		1	1	60.0	47.0	60.0	114.0	11	0	NA04_A	NA04
chr2	1153052	chr1	151148500	right	right	TRA	TCTACTAGAGC		1	1	60.0	63.0	60.0	98.0	11	0	NA04_A	NA04
chr2	1153052	chr16	46411783	right	left	TRA		T	2	1	60.0	62.0	10.0	58.0	0	1	NA04_A	NA04
chr2	1153052	chr2	1153088	right	left	DEL		AGGCTGGGGGGCGGGTGTGTAATAGGGGGTGGGGCG	1	1	28.0	62.0	44.0	52.0	0	36	NA04_A	NA04
chr2	1153052	chr7	26343800	right	left	TRA	CACCCCAGCACCG		1	1	58.0	51.0	60.0	112.0	13	0	NA04_A	NA04
chr2	1153053	chr2	33141631	right	right	INV		TACTCCTT	1	1	9.0	49.0	9.0	73.0	0	8	NA04_A	NA04
chr2	1153053	chr2	33141638	right	right	INV		CG	1	1	5.0	41.0	5.0	87.0	0	2	NA04_A	NA04
chr2	1153054	chr11	47394930	right	right	TRA	CACCGCG		3	3	60.0	64.66666666666667	60.0	71.0	7	0	NA04_A	NA04
chr2	1153054	chr11	47394930	right	right	TRA	CTGGGCG		1	1	60.0	66.0	60.0	71.0	7	0	NA04_A	NA04
chr2	1153054	chr11	47394930	right	right	TRA	GACTGGG		2	2	60.0	64.0	60.0	71.0	7	0	NA04_A	NA04
chr2	1153054	chr13	58947049	right	right	TRA	CACCGCG		6	3	60.0	64.33333333333333	60.0	48.0	7	0	NA04_A	NA04
chr2	1153054	chr15	40695624	right	right	TRA	CACCGCG		2	2	60.0	65.5	60.0	40.0	7	0	NA04_A	NA04
chr2	1153054	chr16	77187939	right	left	TRA	CACCGCG		6	3	60.0	64.33333333333333	60.0	45.0	7	0	NA04_A	NA04
chr2	1153054	chr18	60878576	right	left	TRA	CACCGCG		2	1	60.0	47.5	60.0	109.5	7	0	NA04_A	NA04
chr2	1153054	chr19	2526388	right	left	TRA	CACCGCG		4	2	60.0	64.5	60.0	39.0	7	0	NA04_A	NA04
chr2	1153054	chr7	24548626	right	right	TRA	CCCGCCACCGCG		2	2	24.0	64.5	24.0	63.0	12	0	NA04_A	NA04
chr2	1153054	chr7	24548626	right	right	TRA	CGGTGGCGGGGT		1	1	24.0	65.0	24.0	63.0	12	0	NA04_A	NA04
chr2	1153054	chr7	24548626	right	right	TRA	GCGGTGGCGGGG		1	1	24.0	64.0	24.0	63.0	12	0	NA04_A	NA04
chr2	1153055	chr7	77325938	right	left	TRA	GGCACCGCGG		2	2	60.0	67.5	60.0	92.5	10	0	NA04_A	NA04
chr2	1153057	chr9	112271475	right	left	TRA			5	3	60.0	48.6	60.0	101.4	0	0	NA04_A	NA04
chr2	1153057	chrX	80542037	right	right	TRA		AGATCGGAATATCACCCTTCTGCCCTCCGTCCCAAGCCACCC	1	1	60.0	68.0	31.0	40.0	0	42	NA04_A	NA04
