chr1	breakpoint1	chr2	breakpoint2	clip_side1	clip_side2	sv_type	mh_seq	ins_seq	read_count	frag_count	mapq1_mean	match1_mean	mapq2_mean	match2_mean	mh_length	ins_length	aliquot	sample
chr2	1153053	chr14	100353875	right	left	TRA	GCACCCCGCCACCGC		1	1	60.0	65.0	60.0	36.0	15	0	NA05_I	NA05
chr2	1153053	chr15	83953314	right	right	TRA	CCCCGGCACCGC		2	1	60.0	63.0	60.0	54.0	12	0	NA05_I	NA05
chr2	1153053	chr22	20330881	right	right	TRA	CCGACACCGC		4	2	60.0	64.0	8.0	40.0	10	0	NA05_I	NA05
chr2	1153053	chr22	26352929	right	left	TRA	GGCACCGC		7	4	60.0	63.42857142857143	60.0	30.0	8	0	NA05_I	NA05
chr2	1153053	chr4	186847517	right	right	TRA	GAGTCCTG		1	1	60.0	64.0	60.0	75.0	8	0	NA05_I	NA05
chr2	1153053	chr4	186847517	right	right	TRA	GGCACCGC		2	2	60.0	63.5	60.0	75.0	8	0	NA05_I	NA05
chr2	1153053	chr4	186847517	right	right	TRA	TGAGTCCT		1	1	60.0	63.0	60.0	75.0	8	0	NA05_I	NA05
chr2	1153054	chr10	105725910	right	right	TRA	GCCACCGCG		2	1	60.0	65.0	60.0	46.0	9	0	NA05_I	NA05
chr2	1153054	chr4	128964407	right	left	TRA	CACCGCG		2	1	60.0	64.0	60.0	82.0	7	0	NA05_I	NA05
chr2	1153055	chr14	23874876	right	left	TRA	GCACCGCGG		1	1	60.0	50.0	60.0	109.0	9	0	NA05_I	NA05
chr2	1153055	chr4	148609154	right	left	TRA			4	2	59.5	60.0	59.5	90.0	0	0	NA05_I	NA05
chr2	1153056	chr10	101751119	right	left	TRA	CACCGCGGC		6	3	60.0	66.66666666666667	60.0	85.0	9	0	NA05_I	NA05
chr2	1153056	chr11	69352220	right	left	TRA	CGGC		2	1	60.0	66.0	60.0	38.0	4	0	NA05_I	NA05
chr2	1153056	chr15	31062913	right	left	TRA	GCGGC		2	1	52.0	67.0	52.0	75.0	5	0	NA05_I	NA05
chr2	1153057	chr2	1153006	right	left	DUP	TGCACCCCGGCACTGCGGCT		1	1	60.0	68.0	33.0	52.0	20	0	NA05_I	NA05
chr2	1153057	chr4	38239234	right	right	TRA	CACCTCGGCT		2	1	60.0	67.0	18.0	35.0	10	0	NA05_I	NA05
