chr1	breakpoint1	chr2	breakpoint2	clip_side1	clip_side2	sv_type	mh_seq	ins_seq	read_count	frag_count	mapq1_mean	match1_mean	mapq2_mean	match2_mean	mh_length	ins_length	aliquot	sample
chr2	1153053	chr19	3673225	right	right	TRA	GGCACCGC		1	1	60.0	43.0	60.0	115.0	8	0	NA05_B	NA05
chr2	1153053	chr2	33141633	right	right	INV		CGCCCCT	1	1	9.0	44.0	9.0	79.0	0	7	NA05_B	NA05
chr2	1153053	chr3	112332155	right	left	TRA	GGCACCGC		2	1	60.0	64.0	60.0	54.0	8	0	NA05_B	NA05
chr2	1153054	chr1	25916325	right	right	TRA	CACCGCG		2	1	60.0	64.0	60.0	41.0	7	0	NA05_B	NA05
chr2	1153055	chr4	148609154	right	left	TRA			2	2	60.0	54.0	60.0	96.0	0	0	NA05_B	NA05
chr2	1153056	chr16	56374692	right	right	TRA	CACCGCGGC		2	1	60.0	68.0	60.0	47.0	9	0	NA05_B	NA05
chr2	1153056	chr16	56665309	right	right	TRA	GCAAGTGCTGG		1	1	31.0	68.0	31.0	93.0	11	0	NA05_B	NA05
chr2	1153056	chr2	1151713	right	right	INV	CGGC		6	3	60.0	67.66666666666667	60.0	31.0	4	0	NA05_B	NA05
chr2	1153056	chr2	1153108	right	left	DEL		CCGCAGGGTATATTTCTGACCTTCCTTCGGCCCTTGCTTCCCTCTCACAGAT	1	1	60.0	66.0	60.0	31.0	0	52	NA05_B	NA05
chr2	1153057	chr14	53019702	right	left	TRA	CCGCGGCT		2	1	60.0	65.0	60.0	93.0	8	0	NA05_B	NA05
chr2	1153057	chr16	83948841	right	left	TRA	GCACCGCGGCT		1	1	60.0	68.0	60.0	90.0	11	0	NA05_B	NA05
chr2	1153057	chr17	31348885	right	left	TRA	GCACCGCGGCT		3	3	60.0	68.0	60.0	93.0	11	0	NA05_B	NA05
chr2	1153057	chrX	34132236	right	left	TRA	CGGCT		6	3	60.0	67.66666666666667	60.0	42.0	5	0	NA05_B	NA05
